,Year,Average_Temp,State
0,1990,64.9,Alabama
1,1991,64.0,Alabama
2,1992,62.1,Alabama
3,1993,62.3,Alabama
4,1994,63.0,Alabama
5,1995,63.0,Alabama
6,1996,62.1,Alabama
7,1997,62.4,Alabama
8,1998,65.1,Alabama
9,1999,64.1,Alabama
10,2000,63.6,Alabama
11,2001,63.0,Alabama
12,2002,63.6,Alabama
13,2003,62.7,Alabama
14,2004,63.3,Alabama
15,2005,63.4,Alabama
16,2006,64.2,Alabama
17,2007,64.4,Alabama
18,2008,62.9,Alabama
19,2009,62.9,Alabama
20,2010,62.7,Alabama
21,2011,63.8,Alabama
22,2012,64.9,Alabama
23,2013,62.6,Alabama
24,2014,62.0,Alabama
25,2015,64.6,Alabama
26,2016,65.3,Alabama
27,2017,65.0,Alabama
28,2018,64.5,Alabama
29,2019,65.4,Alabama
30,2020,64.9,Alabama
0,1990,59.7,Arizona
1,1991,59.2,Arizona
2,1992,59.6,Arizona
3,1993,59.8,Arizona
4,1994,60.6,Arizona
5,1995,61.0,Arizona
6,1996,61.9,Arizona
7,1997,60.5,Arizona
8,1998,59.3,Arizona
9,1999,60.8,Arizona
10,2000,61.7,Arizona
11,2001,61.2,Arizona
12,2002,61.2,Arizona
13,2003,61.9,Arizona
14,2004,60.4,Arizona
15,2005,61.1,Arizona
16,2006,61.1,Arizona
17,2007,61.6,Arizona
18,2008,60.6,Arizona
19,2009,61.1,Arizona
20,2010,60.4,Arizona
21,2011,60.3,Arizona
22,2012,62.1,Arizona
23,2013,60.4,Arizona
24,2014,62.2,Arizona
25,2015,61.8,Arizona
26,2016,62.2,Arizona
27,2017,63.0,Arizona
28,2018,62.3,Arizona
29,2019,60.3,Arizona
30,2020,62.6,Arizona
0,1990,61.8,Arkansas
1,1991,61.3,Arkansas
2,1992,59.9,Arkansas
3,1993,59.3,Arkansas
4,1994,60.4,Arkansas
5,1995,60.5,Arkansas
6,1996,59.6,Arkansas
7,1997,59.7,Arkansas
8,1998,63.1,Arkansas
9,1999,62.1,Arkansas
10,2000,60.9,Arkansas
11,2001,61.2,Arkansas
12,2002,60.6,Arkansas
13,2003,60.3,Arkansas
14,2004,61.0,Arkansas
15,2005,62.0,Arkansas
16,2006,62.0,Arkansas
17,2007,61.8,Arkansas
18,2008,59.9,Arkansas
19,2009,59.9,Arkansas
20,2010,61.2,Arkansas
21,2011,61.8,Arkansas
22,2012,63.6,Arkansas
23,2013,59.6,Arkansas
24,2014,58.7,Arkansas
25,2015,61.4,Arkansas
26,2016,62.8,Arkansas
27,2017,62.5,Arkansas
28,2018,61.2,Arkansas
29,2019,61.2,Arkansas
30,2020,61.1,Arkansas
0,1990,58.0,California
1,1991,58.1,California
2,1992,59.3,California
3,1993,57.7,California
4,1994,58.0,California
5,1995,58.9,California
6,1996,59.6,California
7,1997,59.1,California
8,1998,56.7,California
9,1999,58.0,California
10,2000,58.8,California
11,2001,59.1,California
12,2002,58.8,California
13,2003,59.4,California
14,2004,58.9,California
15,2005,58.6,California
16,2006,58.6,California
17,2007,58.9,California
18,2008,58.9,California
19,2009,58.8,California
20,2010,57.7,California
21,2011,57.4,California
22,2012,59.5,California
23,2013,59.3,California
24,2014,61.4,California
25,2015,60.8,California
26,2016,60.1,California
27,2017,60.3,California
28,2018,60.1,California
29,2019,58.4,California
30,2020,60.5,California
0,1990,45.6,Colorado
1,1991,45.0,Colorado
2,1992,45.3,Colorado
3,1993,43.8,Colorado
4,1994,46.5,Colorado
5,1995,45.7,Colorado
6,1996,45.8,Colorado
7,1997,44.8,Colorado
8,1998,46.2,Colorado
9,1999,46.6,Colorado
10,2000,47.0,Colorado
11,2001,46.8,Colorado
12,2002,46.1,Colorado
13,2003,47.0,Colorado
14,2004,45.8,Colorado
15,2005,46.8,Colorado
16,2006,46.5,Colorado
17,2007,46.2,Colorado
18,2008,44.9,Colorado
19,2009,45.2,Colorado
20,2010,46.2,Colorado
21,2011,45.4,Colorado
22,2012,48.3,Colorado
23,2013,45.1,Colorado
24,2014,46.1,Colorado
25,2015,47.4,Colorado
26,2016,47.3,Colorado
27,2017,47.9,Colorado
28,2018,47.2,Colorado
29,2019,45.3,Colorado
30,2020,47.3,Colorado
0,1990,51.1,Connecticut
1,1991,51.0,Connecticut
2,1992,47.7,Connecticut
3,1993,48.6,Connecticut
4,1994,48.9,Connecticut
5,1995,49.0,Connecticut
6,1996,48.4,Connecticut
7,1997,48.6,Connecticut
8,1998,51.6,Connecticut
9,1999,50.8,Connecticut
10,2000,48.5,Connecticut
11,2001,50.2,Connecticut
12,2002,50.5,Connecticut
13,2003,48.2,Connecticut
14,2004,48.8,Connecticut
15,2005,49.5,Connecticut
16,2006,51.1,Connecticut
17,2007,49.5,Connecticut
18,2008,49.7,Connecticut
19,2009,48.8,Connecticut
20,2010,51.4,Connecticut
21,2011,50.9,Connecticut
22,2012,52.5,Connecticut
23,2013,49.8,Connecticut
24,2014,48.7,Connecticut
25,2015,49.8,Connecticut
26,2016,51.8,Connecticut
27,2017,50.9,Connecticut
28,2018,50.8,Connecticut
29,2019,49.8,Connecticut
30,2020,51.8,Connecticut
0,1990,57.2,Delaware
1,1991,56.9,Delaware
2,1992,53.9,Delaware
3,1993,54.8,Delaware
4,1994,55.0,Delaware
5,1995,55.1,Delaware
6,1996,54.0,Delaware
7,1997,54.8,Delaware
8,1998,57.4,Delaware
9,1999,56.5,Delaware
10,2000,54.7,Delaware
11,2001,56.1,Delaware
12,2002,57.2,Delaware
13,2003,54.6,Delaware
14,2004,55.8,Delaware
15,2005,55.7,Delaware
16,2006,57.3,Delaware
17,2007,56.3,Delaware
18,2008,56.3,Delaware
19,2009,55.4,Delaware
20,2010,56.7,Delaware
21,2011,57.4,Delaware
22,2012,58.5,Delaware
23,2013,55.8,Delaware
24,2014,54.7,Delaware
25,2015,56.4,Delaware
26,2016,57.4,Delaware
27,2017,57.6,Delaware
28,2018,57.1,Delaware
29,2019,57.5,Delaware
30,2020,58.0,Delaware
0,1990,72.5,Florida
1,1991,71.8,Florida
2,1992,70.3,Florida
3,1993,70.3,Florida
4,1994,71.6,Florida
5,1995,70.8,Florida
6,1996,69.9,Florida
7,1997,71.1,Florida
8,1998,72.5,Florida
9,1999,71.2,Florida
10,2000,70.6,Florida
11,2001,70.9,Florida
12,2002,71.3,Florida
13,2003,70.9,Florida
14,2004,70.8,Florida
15,2005,70.8,Florida
16,2006,71.4,Florida
17,2007,71.8,Florida
18,2008,70.8,Florida
19,2009,71.2,Florida
20,2010,69.2,Florida
21,2011,71.7,Florida
22,2012,71.9,Florida
23,2013,71.7,Florida
24,2014,70.6,Florida
25,2015,73.4,Florida
26,2016,72.5,Florida
27,2017,72.8,Florida
28,2018,72.3,Florida
29,2019,73.2,Florida
30,2020,73.2,Florida
0,1990,65.7,Georgia
1,1991,64.5,Georgia
2,1992,62.7,Georgia
3,1993,63.2,Georgia
4,1994,63.6,Georgia
5,1995,63.5,Georgia
6,1996,62.6,Georgia
7,1997,63.2,Georgia
8,1998,65.7,Georgia
9,1999,64.5,Georgia
10,2000,63.3,Georgia
11,2001,63.9,Georgia
12,2002,64.4,Georgia
13,2003,63.3,Georgia
14,2004,64.0,Georgia
15,2005,63.8,Georgia
16,2006,64.5,Georgia
17,2007,64.8,Georgia
18,2008,63.5,Georgia
19,2009,63.4,Georgia
20,2010,63.0,Georgia
21,2011,64.6,Georgia
22,2012,65.5,Georgia
23,2013,63.4,Georgia
24,2014,63.0,Georgia
25,2015,65.3,Georgia
26,2016,65.8,Georgia
27,2017,65.8,Georgia
28,2018,65.1,Georgia
29,2019,66.2,Georgia
30,2020,65.6,Georgia
0,1990,43.5,Idaho
1,1991,43.3,Idaho
2,1992,45.0,Idaho
3,1993,40.9,Idaho
4,1994,44.3,Idaho
5,1995,43.6,Idaho
6,1996,43.2,Idaho
7,1997,43.2,Idaho
8,1998,44.3,Idaho
9,1999,43.6,Idaho
10,2000,43.9,Idaho
11,2001,44.2,Idaho
12,2002,43.0,Idaho
13,2003,45.4,Idaho
14,2004,44.2,Idaho
15,2005,43.6,Idaho
16,2006,44.2,Idaho
17,2007,44.8,Idaho
18,2008,42.5,Idaho
19,2009,42.8,Idaho
20,2010,43.3,Idaho
21,2011,42.4,Idaho
22,2012,45.1,Idaho
23,2013,43.7,Idaho
24,2014,45.1,Idaho
25,2015,46.4,Idaho
26,2016,45.1,Idaho
27,2017,44.3,Idaho
28,2018,44.5,Idaho
29,2019,43.0,Idaho
30,2020,44.3,Idaho
0,1990,53.6,Illinois
1,1991,53.7,Illinois
2,1992,51.9,Illinois
3,1993,50.9,Illinois
4,1994,52.0,Illinois
5,1995,51.6,Illinois
6,1996,50.1,Illinois
7,1997,51.0,Illinois
8,1998,55.2,Illinois
9,1999,53.5,Illinois
10,2000,52.2,Illinois
11,2001,53.4,Illinois
12,2002,53.2,Illinois
13,2003,51.7,Illinois
14,2004,52.6,Illinois
15,2005,53.7,Illinois
16,2006,54.0,Illinois
17,2007,53.7,Illinois
18,2008,50.9,Illinois
19,2009,51.4,Illinois
20,2010,52.9,Illinois
21,2011,53.1,Illinois
22,2012,55.8,Illinois
23,2013,51.1,Illinois
24,2014,49.5,Illinois
25,2015,52.9,Illinois
26,2016,54.7,Illinois
27,2017,54.4,Illinois
28,2018,52.5,Illinois
29,2019,52.1,Illinois
30,2020,53.3,Illinois
0,1990,53.3,Indiana
1,1991,53.7,Indiana
2,1992,51.3,Indiana
3,1993,50.8,Indiana
4,1994,51.5,Indiana
5,1995,51.5,Indiana
6,1996,50.0,Indiana
7,1997,50.5,Indiana
8,1998,55.0,Indiana
9,1999,53.2,Indiana
10,2000,51.6,Indiana
11,2001,53.2,Indiana
12,2002,53.1,Indiana
13,2003,51.1,Indiana
14,2004,52.2,Indiana
15,2005,52.8,Indiana
16,2006,53.4,Indiana
17,2007,53.3,Indiana
18,2008,51.0,Indiana
19,2009,51.3,Indiana
20,2010,52.6,Indiana
21,2011,53.1,Indiana
22,2012,55.1,Indiana
23,2013,51.2,Indiana
24,2014,49.4,Indiana
25,2015,52.3,Indiana
26,2016,54.2,Indiana
27,2017,54.0,Indiana
28,2018,52.6,Indiana
29,2019,52.4,Indiana
30,2020,53.3,Indiana
0,1990,49.5,Iowa
1,1991,48.6,Iowa
2,1992,47.8,Iowa
3,1993,45.7,Iowa
4,1994,47.5,Iowa
5,1995,47.3,Iowa
6,1996,45.2,Iowa
7,1997,47.1,Iowa
8,1998,50.9,Iowa
9,1999,49.7,Iowa
10,2000,48.6,Iowa
11,2001,49.1,Iowa
12,2002,49.2,Iowa
13,2003,47.9,Iowa
14,2004,48.5,Iowa
15,2005,49.6,Iowa
16,2006,50.4,Iowa
17,2007,48.9,Iowa
18,2008,45.9,Iowa
19,2009,46.7,Iowa
20,2010,48.2,Iowa
21,2011,48.4,Iowa
22,2012,52.1,Iowa
23,2013,46.7,Iowa
24,2014,45.5,Iowa
25,2015,49.3,Iowa
26,2016,50.7,Iowa
27,2017,50.0,Iowa
28,2018,47.5,Iowa
29,2019,46.8,Iowa
30,2020,49.2,Iowa
0,1990,55.5,Kansas
1,1991,55.7,Kansas
2,1992,54.2,Kansas
3,1993,51.9,Kansas
4,1994,54.9,Kansas
5,1995,53.9,Kansas
6,1996,53.1,Kansas
7,1997,53.7,Kansas
8,1998,56.3,Kansas
9,1999,56.0,Kansas
10,2000,55.5,Kansas
11,2001,55.9,Kansas
12,2002,55.2,Kansas
13,2003,55.0,Kansas
14,2004,55.1,Kansas
15,2005,55.9,Kansas
16,2006,56.9,Kansas
17,2007,55.1,Kansas
18,2008,53.6,Kansas
19,2009,53.6,Kansas
20,2010,55.3,Kansas
21,2011,55.2,Kansas
22,2012,58.2,Kansas
23,2013,53.7,Kansas
24,2014,53.7,Kansas
25,2015,56.3,Kansas
26,2016,57.2,Kansas
27,2017,56.5,Kansas
28,2018,54.6,Kansas
29,2019,53.8,Kansas
30,2020,55.6,Kansas
0,1990,57.3,Kentucky
1,1991,57.4,Kentucky
2,1992,55.1,Kentucky
3,1993,55.0,Kentucky
4,1994,55.4,Kentucky
5,1995,55.4,Kentucky
6,1996,54.4,Kentucky
7,1997,54.5,Kentucky
8,1998,58.2,Kentucky
9,1999,57.3,Kentucky
10,2000,55.7,Kentucky
11,2001,56.6,Kentucky
12,2002,56.8,Kentucky
13,2003,55.2,Kentucky
14,2004,56.4,Kentucky
15,2005,56.8,Kentucky
16,2006,56.8,Kentucky
17,2007,57.7,Kentucky
18,2008,55.4,Kentucky
19,2009,55.4,Kentucky
20,2010,56.0,Kentucky
21,2011,56.9,Kentucky
22,2012,58.4,Kentucky
23,2013,55.0,Kentucky
24,2014,54.3,Kentucky
25,2015,56.6,Kentucky
26,2016,57.9,Kentucky
27,2017,57.8,Kentucky
28,2018,57.0,Kentucky
29,2019,57.5,Kentucky
30,2020,57.1,Kentucky
0,1990,67.8,Louisiana
1,1991,66.9,Louisiana
2,1992,65.8,Louisiana
3,1993,65.6,Louisiana
4,1994,66.5,Louisiana
5,1995,66.8,Louisiana
6,1996,66.2,Louisiana
7,1997,66.0,Louisiana
8,1998,68.6,Louisiana
9,1999,67.8,Louisiana
10,2000,67.2,Louisiana
11,2001,66.7,Louisiana
12,2002,66.6,Louisiana
13,2003,66.4,Louisiana
14,2004,67.1,Louisiana
15,2005,67.5,Louisiana
16,2006,67.8,Louisiana
17,2007,67.4,Louisiana
18,2008,66.6,Louisiana
19,2009,66.8,Louisiana
20,2010,66.5,Louisiana
21,2011,67.7,Louisiana
22,2012,68.7,Louisiana
23,2013,66.2,Louisiana
24,2014,65.1,Louisiana
25,2015,68.1,Louisiana
26,2016,68.7,Louisiana
27,2017,68.7,Louisiana
28,2018,67.8,Louisiana
29,2019,67.7,Louisiana
30,2020,68.2,Louisiana
0,1990,42.4,Maine
1,1991,41.7,Maine
2,1992,39.8,Maine
3,1993,40.0,Maine
4,1994,40.4,Maine
5,1995,40.9,Maine
6,1996,41.0,Maine
7,1997,39.8,Maine
8,1998,43.5,Maine
9,1999,43.8,Maine
10,2000,40.9,Maine
11,2001,42.7,Maine
12,2002,41.7,Maine
13,2003,40.4,Maine
14,2004,40.4,Maine
15,2005,41.8,Maine
16,2006,44.0,Maine
17,2007,40.7,Maine
18,2008,41.6,Maine
19,2009,40.9,Maine
20,2010,44.6,Maine
21,2011,42.8,Maine
22,2012,43.9,Maine
23,2013,42.0,Maine
24,2014,41.2,Maine
25,2015,41.2,Maine
26,2016,43.3,Maine
27,2017,42.4,Maine
28,2018,41.8,Maine
29,2019,40.7,Maine
30,2020,43.5,Maine
0,1990,56.6,Maryland
1,1991,56.5,Maryland
2,1992,53.5,Maryland
3,1993,54.2,Maryland
4,1994,54.4,Maryland
5,1995,54.4,Maryland
6,1996,53.2,Maryland
7,1997,54.0,Maryland
8,1998,57.0,Maryland
9,1999,55.7,Maryland
10,2000,54.1,Maryland
11,2001,55.3,Maryland
12,2002,56.3,Maryland
13,2003,53.9,Maryland
14,2004,55.2,Maryland
15,2005,55.2,Maryland
16,2006,56.5,Maryland
17,2007,55.7,Maryland
18,2008,55.3,Maryland
19,2009,54.6,Maryland
20,2010,55.8,Maryland
21,2011,56.5,Maryland
22,2012,57.5,Maryland
23,2013,54.7,Maryland
24,2014,53.6,Maryland
25,2015,55.4,Maryland
26,2016,56.5,Maryland
27,2017,56.7,Maryland
28,2018,55.9,Maryland
29,2019,56.6,Maryland
30,2020,57.2,Maryland
0,1990,49.7,Massachusetts
1,1991,49.6,Massachusetts
2,1992,46.4,Massachusetts
3,1993,47.3,Massachusetts
4,1994,47.7,Massachusetts
5,1995,47.8,Massachusetts
6,1996,47.3,Massachusetts
7,1997,47.4,Massachusetts
8,1998,50.4,Massachusetts
9,1999,49.8,Massachusetts
10,2000,47.5,Massachusetts
11,2001,49.1,Massachusetts
12,2002,49.3,Massachusetts
13,2003,47.1,Massachusetts
14,2004,47.6,Massachusetts
15,2005,48.4,Massachusetts
16,2006,50.1,Massachusetts
17,2007,48.3,Massachusetts
18,2008,48.6,Massachusetts
19,2009,47.7,Massachusetts
20,2010,50.4,Massachusetts
21,2011,49.7,Massachusetts
22,2012,51.3,Massachusetts
23,2013,48.8,Massachusetts
24,2014,47.7,Massachusetts
25,2015,48.5,Massachusetts
26,2016,50.3,Massachusetts
27,2017,49.6,Massachusetts
28,2018,49.5,Massachusetts
29,2019,48.5,Massachusetts
30,2020,50.9,Massachusetts
0,1990,45.7,Michigan
1,1991,45.8,Michigan
2,1992,43.3,Michigan
3,1993,43.2,Michigan
4,1994,43.9,Michigan
5,1995,44.2,Michigan
6,1996,42.5,Michigan
7,1997,43.5,Michigan
8,1998,48.2,Michigan
9,1999,46.4,Michigan
10,2000,45.0,Michigan
11,2001,46.8,Michigan
12,2002,45.7,Michigan
13,2003,44.0,Michigan
14,2004,44.6,Michigan
15,2005,46.0,Michigan
16,2006,47.0,Michigan
17,2007,46.1,Michigan
18,2008,44.0,Michigan
19,2009,43.8,Michigan
20,2010,47.1,Michigan
21,2011,45.6,Michigan
22,2012,48.4,Michigan
23,2013,44.1,Michigan
24,2014,41.9,Michigan
25,2015,45.1,Michigan
26,2016,47.4,Michigan
27,2017,46.3,Michigan
28,2018,45.1,Michigan
29,2019,43.9,Michigan
30,2020,46.5,Michigan
0,1990,42.5,Minnesota
1,1991,41.7,Minnesota
2,1992,40.9,Minnesota
3,1993,38.9,Minnesota
4,1994,40.9,Minnesota
5,1995,40.3,Minnesota
6,1996,37.6,Minnesota
7,1997,40.6,Minnesota
8,1998,44.9,Minnesota
9,1999,43.7,Minnesota
10,2000,41.8,Minnesota
11,2001,43.0,Minnesota
12,2002,42.0,Minnesota
13,2003,41.5,Minnesota
14,2004,41.3,Minnesota
15,2005,43.1,Minnesota
16,2006,44.4,Minnesota
17,2007,42.4,Minnesota
18,2008,39.4,Minnesota
19,2009,40.1,Minnesota
20,2010,42.8,Minnesota
21,2011,42.0,Minnesota
22,2012,45.2,Minnesota
23,2013,39.3,Minnesota
24,2014,38.6,Minnesota
25,2015,43.5,Minnesota
26,2016,44.6,Minnesota
27,2017,42.6,Minnesota
28,2018,40.6,Minnesota
29,2019,39.3,Minnesota
30,2020,42.4,Minnesota
0,1990,65.1,Mississippi
1,1991,64.3,Mississippi
2,1992,62.8,Mississippi
3,1993,62.7,Mississippi
4,1994,63.5,Mississippi
5,1995,63.6,Mississippi
6,1996,63.0,Mississippi
7,1997,62.9,Mississippi
8,1998,65.8,Mississippi
9,1999,65.0,Mississippi
10,2000,64.2,Mississippi
11,2001,63.7,Mississippi
12,2002,64.0,Mississippi
13,2003,63.3,Mississippi
14,2004,64.0,Mississippi
15,2005,64.3,Mississippi
16,2006,64.8,Mississippi
17,2007,65.0,Mississippi
18,2008,63.3,Mississippi
19,2009,63.6,Mississippi
20,2010,63.5,Mississippi
21,2011,64.4,Mississippi
22,2012,65.7,Mississippi
23,2013,63.1,Mississippi
24,2014,62.3,Mississippi
25,2015,65.3,Mississippi
26,2016,65.9,Mississippi
27,2017,65.8,Mississippi
28,2018,64.8,Mississippi
29,2019,65.2,Mississippi
30,2020,65.5,Mississippi
0,1990,56.2,Missouri
1,1991,56.1,Missouri
2,1992,54.5,Missouri
3,1993,53.0,Missouri
4,1994,54.7,Missouri
5,1995,54.2,Missouri
6,1996,52.9,Missouri
7,1997,53.7,Missouri
8,1998,57.2,Missouri
9,1999,56.4,Missouri
10,2000,55.1,Missouri
11,2001,55.8,Missouri
12,2002,55.3,Missouri
13,2003,54.5,Missouri
14,2004,55.0,Missouri
15,2005,56.2,Missouri
16,2006,56.8,Missouri
17,2007,56.2,Missouri
18,2008,53.4,Missouri
19,2009,54.0,Missouri
20,2010,55.2,Missouri
21,2011,55.6,Missouri
22,2012,58.5,Missouri
23,2013,53.6,Missouri
24,2014,52.9,Missouri
25,2015,55.8,Missouri
26,2016,57.4,Missouri
27,2017,57.1,Missouri
28,2018,55.2,Missouri
29,2019,55.0,Missouri
30,2020,55.8,Missouri
0,1990,42.8,Montana
1,1991,42.9,Montana
2,1992,43.5,Montana
3,1993,39.6,Montana
4,1994,42.7,Montana
5,1995,41.7,Montana
6,1996,39.2,Montana
7,1997,42.2,Montana
8,1998,43.8,Montana
9,1999,44.0,Montana
10,2000,42.4,Montana
11,2001,43.6,Montana
12,2002,41.4,Montana
13,2003,43.3,Montana
14,2004,42.8,Montana
15,2005,43.1,Montana
16,2006,44.4,Montana
17,2007,44.0,Montana
18,2008,41.4,Montana
19,2009,41.1,Montana
20,2010,41.6,Montana
21,2011,41.6,Montana
22,2012,44.5,Montana
23,2013,42.4,Montana
24,2014,41.9,Montana
25,2015,44.9,Montana
26,2016,44.6,Montana
27,2017,43.2,Montana
28,2018,41.3,Montana
29,2019,39.9,Montana
30,2020,43.3,Montana
0,1990,50.0,Nebraska
1,1991,50.1,Nebraska
2,1992,48.9,Nebraska
3,1993,46.0,Nebraska
4,1994,49.2,Nebraska
5,1995,48.6,Nebraska
6,1996,46.6,Nebraska
7,1997,48.6,Nebraska
8,1998,50.6,Nebraska
9,1999,51.0,Nebraska
10,2000,49.9,Nebraska
11,2001,50.3,Nebraska
12,2002,50.0,Nebraska
13,2003,49.8,Nebraska
14,2004,49.8,Nebraska
15,2005,50.7,Nebraska
16,2006,51.1,Nebraska
17,2007,50.0,Nebraska
18,2008,47.7,Nebraska
19,2009,47.6,Nebraska
20,2010,49.3,Nebraska
21,2011,48.8,Nebraska
22,2012,52.7,Nebraska
23,2013,48.5,Nebraska
24,2014,48.0,Nebraska
25,2015,50.8,Nebraska
26,2016,51.6,Nebraska
27,2017,50.7,Nebraska
28,2018,48.3,Nebraska
29,2019,47.5,Nebraska
30,2020,50.6,Nebraska
0,1990,50.0,Nevada
1,1991,49.9,Nevada
2,1992,51.4,Nevada
3,1993,48.6,Nevada
4,1994,50.8,Nevada
5,1995,50.9,Nevada
6,1996,51.5,Nevada
7,1997,50.6,Nevada
8,1998,49.2,Nevada
9,1999,50.6,Nevada
10,2000,51.5,Nevada
11,2001,51.6,Nevada
12,2002,50.8,Nevada
13,2003,52.2,Nevada
14,2004,50.8,Nevada
15,2005,50.7,Nevada
16,2006,50.8,Nevada
17,2007,51.5,Nevada
18,2008,50.4,Nevada
19,2009,50.4,Nevada
20,2010,50.0,Nevada
21,2011,49.6,Nevada
22,2012,52.4,Nevada
23,2013,50.5,Nevada
24,2014,53.0,Nevada
25,2015,52.9,Nevada
26,2016,51.9,Nevada
27,2017,52.2,Nevada
28,2018,52.0,Nevada
29,2019,49.9,Nevada
30,2020,52.4,Nevada
0,1990,45.0,New Hampshire
1,1991,44.5,New Hampshire
2,1992,41.8,New Hampshire
3,1993,42.5,New Hampshire
4,1994,42.7,New Hampshire
5,1995,43.3,New Hampshire
6,1996,43.0,New Hampshire
7,1997,42.3,New Hampshire
8,1998,46.0,New Hampshire
9,1999,45.4,New Hampshire
10,2000,43.0,New Hampshire
11,2001,44.6,New Hampshire
12,2002,44.5,New Hampshire
13,2003,42.5,New Hampshire
14,2004,43.0,New Hampshire
15,2005,44.0,New Hampshire
16,2006,45.8,New Hampshire
17,2007,43.1,New Hampshire
18,2008,43.8,New Hampshire
19,2009,43.0,New Hampshire
20,2010,46.0,New Hampshire
21,2011,44.9,New Hampshire
22,2012,46.6,New Hampshire
23,2013,44.2,New Hampshire
24,2014,43.0,New Hampshire
25,2015,43.6,New Hampshire
26,2016,45.7,New Hampshire
27,2017,44.9,New Hampshire
28,2018,44.4,New Hampshire
29,2019,43.2,New Hampshire
30,2020,45.8,New Hampshire
0,1990,54.4,New Jersey
1,1991,54.4,New Jersey
2,1992,51.2,New Jersey
3,1993,52.2,New Jersey
4,1994,52.2,New Jersey
5,1995,52.5,New Jersey
6,1996,51.5,New Jersey
7,1997,52.0,New Jersey
8,1998,55.2,New Jersey
9,1999,54.1,New Jersey
10,2000,52.2,New Jersey
11,2001,53.6,New Jersey
12,2002,54.3,New Jersey
13,2003,51.8,New Jersey
14,2004,53.0,New Jersey
15,2005,53.4,New Jersey
16,2006,55.0,New Jersey
17,2007,53.6,New Jersey
18,2008,53.6,New Jersey
19,2009,52.7,New Jersey
20,2010,54.7,New Jersey
21,2011,54.9,New Jersey
22,2012,55.9,New Jersey
23,2013,53.2,New Jersey
24,2014,51.9,New Jersey
25,2015,53.9,New Jersey
26,2016,54.9,New Jersey
27,2017,54.6,New Jersey
28,2018,54.2,New Jersey
29,2019,54.3,New Jersey
30,2020,55.5,New Jersey
0,1990,53.3,New Mexico
1,1991,52.5,New Mexico
2,1992,52.6,New Mexico
3,1993,53.1,New Mexico
4,1994,54.4,New Mexico
5,1995,54.3,New Mexico
6,1996,54.7,New Mexico
7,1997,52.9,New Mexico
8,1998,54.2,New Mexico
9,1999,54.3,New Mexico
10,2000,55.2,New Mexico
11,2001,54.6,New Mexico
12,2002,54.4,New Mexico
13,2003,55.5,New Mexico
14,2004,53.5,New Mexico
15,2005,54.7,New Mexico
16,2006,54.7,New Mexico
17,2007,54.2,New Mexico
18,2008,53.6,New Mexico
19,2009,54.3,New Mexico
20,2010,54.2,New Mexico
21,2011,54.6,New Mexico
22,2012,56.0,New Mexico
23,2013,53.7,New Mexico
24,2014,54.8,New Mexico
25,2015,54.9,New Mexico
26,2016,55.5,New Mexico
27,2017,56.4,New Mexico
28,2018,55.5,New Mexico
29,2019,54.4,New Mexico
30,2020,56.0,New Mexico
0,1990,47.3,New York
1,1991,47.1,New York
2,1992,43.8,New York
3,1993,44.2,New York
4,1994,44.3,New York
5,1995,45.2,New York
6,1996,44.5,New York
7,1997,44.3,New York
8,1998,48.3,New York
9,1999,46.9,New York
10,2000,44.9,New York
11,2001,46.9,New York
12,2002,46.8,New York
13,2003,44.5,New York
14,2004,45.2,New York
15,2005,46.2,New York
16,2006,47.6,New York
17,2007,45.7,New York
18,2008,45.8,New York
19,2009,45.0,New York
20,2010,47.2,New York
21,2011,47.1,New York
22,2012,48.8,New York
23,2013,45.7,New York
24,2014,44.5,New York
25,2015,45.7,New York
26,2016,47.6,New York
27,2017,46.9,New York
28,2018,46.2,New York
29,2019,45.2,New York
30,2020,47.8,New York
0,1990,61.1,North Carolina
1,1991,60.2,North Carolina
2,1992,58.2,North Carolina
3,1993,58.7,North Carolina
4,1994,59.0,North Carolina
5,1995,58.4,North Carolina
6,1996,57.8,North Carolina
7,1997,58.1,North Carolina
8,1998,60.8,North Carolina
9,1999,59.7,North Carolina
10,2000,58.4,North Carolina
11,2001,59.4,North Carolina
12,2002,60.0,North Carolina
13,2003,58.7,North Carolina
14,2004,59.3,North Carolina
15,2005,59.4,North Carolina
16,2006,59.8,North Carolina
17,2007,60.5,North Carolina
18,2008,59.3,North Carolina
19,2009,58.9,North Carolina
20,2010,59.0,North Carolina
21,2011,60.4,North Carolina
22,2012,60.7,North Carolina
23,2013,58.6,North Carolina
24,2014,58.4,North Carolina
25,2015,60.5,North Carolina
26,2016,60.8,North Carolina
27,2017,61.0,North Carolina
28,2018,60.4,North Carolina
29,2019,61.3,North Carolina
30,2020,60.8,North Carolina
0,1990,42.6,North Dakota
1,1991,42.3,North Dakota
2,1992,41.2,North Dakota
3,1993,38.3,North Dakota
4,1994,40.0,North Dakota
5,1995,39.6,North Dakota
6,1996,36.5,North Dakota
7,1997,40.7,North Dakota
8,1998,43.2,North Dakota
9,1999,43.0,North Dakota
10,2000,41.1,North Dakota
11,2001,42.2,North Dakota
12,2002,41.0,North Dakota
13,2003,40.8,North Dakota
14,2004,40.5,North Dakota
15,2005,42.4,North Dakota
16,2006,43.8,North Dakota
17,2007,41.8,North Dakota
18,2008,39.3,North Dakota
19,2009,38.5,North Dakota
20,2010,40.9,North Dakota
21,2011,40.7,North Dakota
22,2012,44.1,North Dakota
23,2013,38.8,North Dakota
24,2014,39.0,North Dakota
25,2015,43.4,North Dakota
26,2016,44.4,North Dakota
27,2017,42.0,North Dakota
28,2018,39.8,North Dakota
29,2019,38.0,North Dakota
30,2020,42.3,North Dakota
0,1990,52.7,Ohio
1,1991,53.1,Ohio
2,1992,50.3,Ohio
3,1993,50.4,Ohio
4,1994,50.5,Ohio
5,1995,50.3,Ohio
6,1996,49.5,Ohio
7,1997,49.9,Ohio
8,1998,54.1,Ohio
9,1999,52.3,Ohio
10,2000,50.8,Ohio
11,2001,52.4,Ohio
12,2002,52.5,Ohio
13,2003,50.2,Ohio
14,2004,51.3,Ohio
15,2005,51.8,Ohio
16,2006,52.7,Ohio
17,2007,52.3,Ohio
18,2008,50.6,Ohio
19,2009,50.5,Ohio
20,2010,51.7,Ohio
21,2011,52.3,Ohio
22,2012,54.0,Ohio
23,2013,50.9,Ohio
24,2014,49.2,Ohio
25,2015,51.6,Ohio
26,2016,53.6,Ohio
27,2017,53.2,Ohio
28,2018,52.2,Ohio
29,2019,52.4,Ohio
30,2020,53.0,Ohio
0,1990,60.7,Oklahoma
1,1991,60.3,Oklahoma
2,1992,59.3,Oklahoma
3,1993,58.1,Oklahoma
4,1994,59.7,Oklahoma
5,1995,59.4,Oklahoma
6,1996,59.0,Oklahoma
7,1997,58.7,Oklahoma
8,1998,62.1,Oklahoma
9,1999,61.3,Oklahoma
10,2000,60.3,Oklahoma
11,2001,60.8,Oklahoma
12,2002,59.4,Oklahoma
13,2003,59.9,Oklahoma
14,2004,60.1,Oklahoma
15,2005,60.8,Oklahoma
16,2006,62.2,Oklahoma
17,2007,60.0,Oklahoma
18,2008,59.6,Oklahoma
19,2009,59.4,Oklahoma
20,2010,60.3,Oklahoma
21,2011,61.6,Oklahoma
22,2012,63.2,Oklahoma
23,2013,58.8,Oklahoma
24,2014,58.9,Oklahoma
25,2015,60.8,Oklahoma
26,2016,62.3,Oklahoma
27,2017,61.8,Oklahoma
28,2018,60.2,Oklahoma
29,2019,59.9,Oklahoma
30,2020,60.7,Oklahoma
0,1990,47.4,Oregon
1,1991,47.6,Oregon
2,1992,49.4,Oregon
3,1993,45.5,Oregon
4,1994,47.8,Oregon
5,1995,48.1,Oregon
6,1996,47.6,Oregon
7,1997,47.8,Oregon
8,1998,47.8,Oregon
9,1999,47.2,Oregon
10,2000,47.5,Oregon
11,2001,47.8,Oregon
12,2002,47.7,Oregon
13,2003,49.0,Oregon
14,2004,48.4,Oregon
15,2005,47.7,Oregon
16,2006,48.0,Oregon
17,2007,47.8,Oregon
18,2008,46.8,Oregon
19,2009,47.3,Oregon
20,2010,47.1,Oregon
21,2011,46.3,Oregon
22,2012,48.0,Oregon
23,2013,47.6,Oregon
24,2014,49.6,Oregon
25,2015,50.4,Oregon
26,2016,48.8,Oregon
27,2017,48.0,Oregon
28,2018,48.4,Oregon
29,2019,47.1,Oregon
30,2020,48.8,Oregon
0,1990,50.7,Pennsylvania
1,1991,50.7,Pennsylvania
2,1992,47.6,Pennsylvania
3,1993,48.2,Pennsylvania
4,1994,48.0,Pennsylvania
5,1995,48.5,Pennsylvania
6,1996,47.6,Pennsylvania
7,1997,48.0,Pennsylvania
8,1998,51.8,Pennsylvania
9,1999,50.0,Pennsylvania
10,2000,48.5,Pennsylvania
11,2001,49.9,Pennsylvania
12,2002,50.3,Pennsylvania
13,2003,48.0,Pennsylvania
14,2004,49.1,Pennsylvania
15,2005,49.5,Pennsylvania
16,2006,50.8,Pennsylvania
17,2007,49.5,Pennsylvania
18,2008,48.8,Pennsylvania
19,2009,48.4,Pennsylvania
20,2010,50.1,Pennsylvania
21,2011,50.4,Pennsylvania
22,2012,51.8,Pennsylvania
23,2013,49.0,Pennsylvania
24,2014,47.4,Pennsylvania
25,2015,49.5,Pennsylvania
26,2016,50.9,Pennsylvania
27,2017,50.6,Pennsylvania
28,2018,49.8,Pennsylvania
29,2019,49.9,Pennsylvania
30,2020,51.2,Pennsylvania
0,1990,51.5,Rhode Island
1,1991,51.4,Rhode Island
2,1992,48.4,Rhode Island
3,1993,49.3,Rhode Island
4,1994,49.6,Rhode Island
5,1995,49.9,Rhode Island
6,1996,49.1,Rhode Island
7,1997,49.4,Rhode Island
8,1998,52.0,Rhode Island
9,1999,51.8,Rhode Island
10,2000,49.5,Rhode Island
11,2001,51.1,Rhode Island
12,2002,51.2,Rhode Island
13,2003,49.0,Rhode Island
14,2004,49.3,Rhode Island
15,2005,50.1,Rhode Island
16,2006,51.8,Rhode Island
17,2007,50.3,Rhode Island
18,2008,50.8,Rhode Island
19,2009,49.8,Rhode Island
20,2010,52.0,Rhode Island
21,2011,51.6,Rhode Island
22,2012,52.9,Rhode Island
23,2013,50.6,Rhode Island
24,2014,49.7,Rhode Island
25,2015,50.4,Rhode Island
26,2016,52.2,Rhode Island
27,2017,51.5,Rhode Island
28,2018,51.6,Rhode Island
29,2019,50.6,Rhode Island
30,2020,52.8,Rhode Island
0,1990,65.0,South Carolina
1,1991,63.8,South Carolina
2,1992,61.9,South Carolina
3,1993,62.6,South Carolina
4,1994,62.8,South Carolina
5,1995,62.5,South Carolina
6,1996,61.8,South Carolina
7,1997,62.2,South Carolina
8,1998,64.7,South Carolina
9,1999,63.4,South Carolina
10,2000,62.2,South Carolina
11,2001,63.3,South Carolina
12,2002,63.7,South Carolina
13,2003,62.4,South Carolina
14,2004,63.2,South Carolina
15,2005,63.1,South Carolina
16,2006,63.6,South Carolina
17,2007,64.3,South Carolina
18,2008,62.9,South Carolina
19,2009,62.7,South Carolina
20,2010,62.6,South Carolina
21,2011,64.1,South Carolina
22,2012,64.5,South Carolina
23,2013,62.3,South Carolina
24,2014,62.2,South Carolina
25,2015,64.5,South Carolina
26,2016,64.9,South Carolina
27,2017,65.1,South Carolina
28,2018,64.3,South Carolina
29,2019,65.0,South Carolina
30,2020,64.6,South Carolina
0,1990,46.9,South Dakota
1,1991,46.8,South Dakota
2,1992,45.6,South Dakota
3,1993,42.3,South Dakota
4,1994,44.9,South Dakota
5,1995,44.7,South Dakota
6,1996,41.6,South Dakota
7,1997,44.8,South Dakota
8,1998,47.4,South Dakota
9,1999,47.8,South Dakota
10,2000,46.0,South Dakota
11,2001,46.5,South Dakota
12,2002,46.2,South Dakota
13,2003,46.1,South Dakota
14,2004,46.3,South Dakota
15,2005,47.3,South Dakota
16,2006,48.1,South Dakota
17,2007,46.8,South Dakota
18,2008,43.8,South Dakota
19,2009,43.6,South Dakota
20,2010,45.1,South Dakota
21,2011,44.8,South Dakota
22,2012,49.3,South Dakota
23,2013,44.0,South Dakota
24,2014,43.7,South Dakota
25,2015,47.5,South Dakota
26,2016,48.4,South Dakota
27,2017,46.8,South Dakota
28,2018,44.1,South Dakota
29,2019,42.3,South Dakota
30,2020,46.8,South Dakota
0,1990,59.4,Tennessee
1,1991,59.1,Tennessee
2,1992,57.0,Tennessee
3,1993,57.2,Tennessee
4,1994,57.6,Tennessee
5,1995,57.4,Tennessee
6,1996,56.6,Tennessee
7,1997,56.8,Tennessee
8,1998,60.2,Tennessee
9,1999,59.3,Tennessee
10,2000,58.0,Tennessee
11,2001,58.2,Tennessee
12,2002,58.7,Tennessee
13,2003,57.5,Tennessee
14,2004,58.5,Tennessee
15,2005,58.8,Tennessee
16,2006,58.9,Tennessee
17,2007,59.9,Tennessee
18,2008,57.6,Tennessee
19,2009,57.6,Tennessee
20,2010,57.9,Tennessee
21,2011,58.9,Tennessee
22,2012,60.3,Tennessee
23,2013,57.1,Tennessee
24,2014,56.6,Tennessee
25,2015,59.0,Tennessee
26,2016,60.3,Tennessee
27,2017,60.0,Tennessee
28,2018,59.1,Tennessee
29,2019,59.8,Tennessee
30,2020,59.3,Tennessee
0,1990,65.6,Texas
1,1991,64.8,Texas
2,1992,64.4,Texas
3,1993,64.1,Texas
4,1994,65.6,Texas
5,1995,65.2,Texas
6,1996,65.4,Texas
7,1997,63.9,Texas
8,1998,67.0,Texas
9,1999,66.6,Texas
10,2000,66.5,Texas
11,2001,65.7,Texas
12,2002,65.0,Texas
13,2003,65.5,Texas
14,2004,65.2,Texas
15,2005,66.0,Texas
16,2006,67.1,Texas
17,2007,64.8,Texas
18,2008,65.5,Texas
19,2009,65.8,Texas
20,2010,65.1,Texas
21,2011,67.3,Texas
22,2012,67.8,Texas
23,2013,65.1,Texas
24,2014,64.8,Texas
25,2015,65.8,Texas
26,2016,67.2,Texas
27,2017,67.3,Texas
28,2018,66.0,Texas
29,2019,65.9,Texas
30,2020,66.9,Texas
0,1990,48.7,Utah
1,1991,47.5,Utah
2,1992,49.0,Utah
3,1993,46.8,Utah
4,1994,49.7,Utah
5,1995,49.2,Utah
6,1996,49.6,Utah
7,1997,48.2,Utah
8,1998,48.3,Utah
9,1999,49.2,Utah
10,2000,50.2,Utah
11,2001,50.0,Utah
12,2002,48.8,Utah
13,2003,50.6,Utah
14,2004,48.7,Utah
15,2005,49.3,Utah
16,2006,49.2,Utah
17,2007,49.9,Utah
18,2008,48.1,Utah
19,2009,48.4,Utah
20,2010,48.3,Utah
21,2011,47.6,Utah
22,2012,50.9,Utah
23,2013,47.8,Utah
24,2014,50.4,Utah
25,2015,50.7,Utah
26,2016,50.2,Utah
27,2017,50.7,Utah
28,2018,50.4,Utah
29,2019,47.9,Utah
30,2020,50.4,Utah
0,1990,44.0,Vermont
1,1991,43.5,Vermont
2,1992,40.6,Vermont
3,1993,41.2,Vermont
4,1994,41.3,Vermont
5,1995,42.3,Vermont
6,1996,42.0,Vermont
7,1997,41.1,Vermont
8,1998,45.2,Vermont
9,1999,44.3,Vermont
10,2000,41.8,Vermont
11,2001,43.8,Vermont
12,2002,43.6,Vermont
13,2003,41.5,Vermont
14,2004,41.8,Vermont
15,2005,43.4,Vermont
16,2006,45.1,Vermont
17,2007,42.2,Vermont
18,2008,43.0,Vermont
19,2009,42.3,Vermont
20,2010,44.9,Vermont
21,2011,44.3,Vermont
22,2012,45.8,Vermont
23,2013,43.2,Vermont
24,2014,42.0,Vermont
25,2015,42.6,Vermont
26,2016,44.6,Vermont
27,2017,43.8,Vermont
28,2018,43.2,Vermont
29,2019,41.9,Vermont
30,2020,44.8,Vermont
0,1990,57.4,Virginia
1,1991,57.0,Virginia
2,1992,54.4,Virginia
3,1993,55.1,Virginia
4,1994,55.3,Virginia
5,1995,55.0,Virginia
6,1996,54.0,Virginia
7,1997,54.5,Virginia
8,1998,57.4,Virginia
9,1999,56.3,Virginia
10,2000,54.9,Virginia
11,2001,55.8,Virginia
12,2002,56.6,Virginia
13,2003,55.0,Virginia
14,2004,55.9,Virginia
15,2005,55.9,Virginia
16,2006,56.6,Virginia
17,2007,56.8,Virginia
18,2008,55.7,Virginia
19,2009,55.2,Virginia
20,2010,55.9,Virginia
21,2011,57.0,Virginia
22,2012,57.6,Virginia
23,2013,55.1,Virginia
24,2014,54.4,Virginia
25,2015,56.5,Virginia
26,2016,57.1,Virginia
27,2017,57.3,Virginia
28,2018,56.6,Virginia
29,2019,57.5,Virginia
30,2020,57.4,Virginia
0,1990,47.3,Washington
1,1991,47.1,Washington
2,1992,48.6,Washington
3,1993,45.6,Washington
4,1994,47.9,Washington
5,1995,47.5,Washington
6,1996,45.6,Washington
7,1997,47.1,Washington
8,1998,48.6,Washington
9,1999,46.9,Washington
10,2000,46.2,Washington
11,2001,46.9,Washington
12,2002,46.9,Washington
13,2003,48.2,Washington
14,2004,48.4,Washington
15,2005,47.3,Washington
16,2006,47.5,Washington
17,2007,46.8,Washington
18,2008,45.8,Washington
19,2009,46.4,Washington
20,2010,47.1,Washington
21,2011,45.5,Washington
22,2012,47.1,Washington
23,2013,47.2,Washington
24,2014,48.4,Washington
25,2015,50.0,Washington
26,2016,48.6,Washington
27,2017,46.8,Washington
28,2018,48.0,Washington
29,2019,46.5,Washington
30,2020,48.1,Washington
0,1990,53.9,West Virginia
1,1991,53.8,West Virginia
2,1992,51.3,West Virginia
3,1993,51.9,West Virginia
4,1994,51.8,West Virginia
5,1995,51.6,West Virginia
6,1996,50.7,West Virginia
7,1997,51.0,West Virginia
8,1998,54.2,West Virginia
9,1999,53.0,West Virginia
10,2000,51.8,West Virginia
11,2001,52.7,West Virginia
12,2002,53.2,West Virginia
13,2003,51.6,West Virginia
14,2004,52.7,West Virginia
15,2005,52.8,West Virginia
16,2006,53.0,West Virginia
17,2007,53.3,West Virginia
18,2008,51.8,West Virginia
19,2009,51.7,West Virginia
20,2010,52.0,West Virginia
21,2011,53.5,West Virginia
22,2012,54.3,West Virginia
23,2013,51.8,West Virginia
24,2014,50.8,West Virginia
25,2015,53.1,West Virginia
26,2016,54.1,West Virginia
27,2017,54.0,West Virginia
28,2018,53.3,West Virginia
29,2019,54.2,West Virginia
30,2020,54.0,West Virginia
0,1990,44.5,Wisconsin
1,1991,43.7,Wisconsin
2,1992,42.7,Wisconsin
3,1993,41.7,Wisconsin
4,1994,43.0,Wisconsin
5,1995,42.8,Wisconsin
6,1996,40.5,Wisconsin
7,1997,42.6,Wisconsin
8,1998,47.3,Wisconsin
9,1999,45.4,Wisconsin
10,2000,43.9,Wisconsin
11,2001,45.3,Wisconsin
12,2002,44.6,Wisconsin
13,2003,43.2,Wisconsin
14,2004,43.5,Wisconsin
15,2005,45.1,Wisconsin
16,2006,46.0,Wisconsin
17,2007,44.7,Wisconsin
18,2008,41.8,Wisconsin
19,2009,42.4,Wisconsin
20,2010,45.5,Wisconsin
21,2011,44.1,Wisconsin
22,2012,47.4,Wisconsin
23,2013,41.8,Wisconsin
24,2014,40.2,Wisconsin
25,2015,44.8,Wisconsin
26,2016,46.2,Wisconsin
27,2017,44.7,Wisconsin
28,2018,43.2,Wisconsin
29,2019,42.1,Wisconsin
30,2020,44.8,Wisconsin
0,1990,41.8,Wyoming
1,1991,41.7,Wyoming
2,1992,42.5,Wyoming
3,1993,38.9,Wyoming
4,1994,42.9,Wyoming
5,1995,41.7,Wyoming
6,1996,41.0,Wyoming
7,1997,41.2,Wyoming
8,1998,42.5,Wyoming
9,1999,43.2,Wyoming
10,2000,42.5,Wyoming
11,2001,43.2,Wyoming
12,2002,41.4,Wyoming
13,2003,43.0,Wyoming
14,2004,42.4,Wyoming
15,2005,42.8,Wyoming
16,2006,43.2,Wyoming
17,2007,43.3,Wyoming
18,2008,40.7,Wyoming
19,2009,40.9,Wyoming
20,2010,42.0,Wyoming
21,2011,41.1,Wyoming
22,2012,44.8,Wyoming
23,2013,41.7,Wyoming
24,2014,42.1,Wyoming
25,2015,44.2,Wyoming
26,2016,43.9,Wyoming
27,2017,43.2,Wyoming
28,2018,42.4,Wyoming
29,2019,40.3,Wyoming
30,2020,42.8,Wyoming
0,1990,25.4,Alaska
1,1991,27.0,Alaska
2,1992,25.0,Alaska
3,1993,29.9,Alaska
4,1994,26.2,Alaska
5,1995,27.8,Alaska
6,1996,25.1,Alaska
7,1997,28.1,Alaska
8,1998,28.4,Alaska
9,1999,24.0,Alaska
10,2000,28.4,Alaska
11,2001,27.3,Alaska
12,2002,30.1,Alaska
13,2003,29.1,Alaska
14,2004,29.3,Alaska
15,2005,29.2,Alaska
16,2006,26.4,Alaska
17,2007,28.1,Alaska
18,2008,25.1,Alaska
19,2009,26.8,Alaska
20,2010,27.4,Alaska
21,2011,27.0,Alaska
22,2012,24.3,Alaska
23,2013,27.8,Alaska
24,2014,30.3,Alaska
25,2015,30.0,Alaska
26,2016,31.9,Alaska
27,2017,29.3,Alaska
28,2018,30.4,Alaska
29,2019,32.2,Alaska
30,2020,27.5,Alaska
